token	설명	예시	필수여부	마스킹규칙
PAGE_TITLE	<title> 전문. 「지역+물건+목적 감정평가 사례 — 가치앤같이 감정평가법인」 형식. 60자 내외	서울 강동구 성내동 근린생활시설 상속 감정평가 사례 — 가치앤같이 감정평가법인	필수	동·층·호 금지. 토지·일반건물은 지번 금지
META_DESCRIPTION	meta description. 최종액·기준시점(연도)·평가방법·법인명 포함. 140~160자	서울특별시 강동구 성내동 근린생활시설(토지 177㎡, 건물 314.68㎡) 상속세 신고 목적 감정평가 사례. 기준시점 2025년, 최종 감정평가액 1,577,010,440원. 토지 거래사례비교법·건물 원가법 적용. ㈜감정평가법인 가치앤같이.	필수	동·층·호 금지. 기준시점은 연도만
META_KEYWORDS	쉼표 구분 키워드 8~12개. v3 §12 핵심 키워드군(지역·물건·목적 조합)을 싣는다	성내동 감정평가, 강동구 근린생활시설 감정평가, 상속 감정평가, 상속재산 감정평가, 세무서 제출용 감정평가, 시가인정액, 상속세 신고, 거래사례비교법, 감정평가법인, 가치앤같이	필수	—
OG_TITLE	OG 제목. PAGE_TITLE 축약형	서울 강동구 성내동 근린생활시설 상속 감정평가 사례 — 가치앤같이	필수	동·층·호 금지
OG_DESCRIPTION	OG 설명. 1~2문장, 100자 내외. 키워드군을 자연스럽게 포함	강동구 성내동 근린생활시설 상속세 신고 목적 감정평가. 최종 평가액 1,577,010,440원. 토지 거래사례비교법 + 건물 원가법. 기준시점 2025년.	필수	동·층·호 금지. 기준시점은 연도만
SLUG	파일명(확장자 제외). 영문 소문자+하이픈. canonical·og:url·breadcrumb 에 동시 사용	gangdong-seongnae-geunsaeng-sangsok-2025	필수	cases/ 기존 파일명과 중복 금지
PUBLISHED_DATE	최초 게시일 YYYY-MM-DD (KST). 사이트 게시일이며 감정평가서 작성일이 아니다	2026-09-16	필수	—
MODIFIED_DATE	사이트 최종 수정일 YYYY-MM-DD (KST). 재게시 시 반드시 갱신	2026-09-16	필수	—
ARTICLE_SECTION	og article:section	상속 감정평가	필수	—
ARTICLE_TAG_1	article:tag 1 — 목적 축	상속 감정평가	필수	—
ARTICLE_TAG_2	article:tag 2 — 지역 축	강동구 성내동	필수	동 단위까지. 지번·동·층·호 금지
ARTICLE_TAG_3	article:tag 3 — 물건종류 축	근린생활시설 감정평가	필수	—
HEADLINE	JSON-LD Article.headline 및 itemprop headline. h1 과 의미 일치	서울 강동구 성내동 근린생활시설 상속 감정평가 사례	필수	동·층·호 금지
JSONLD_DESCRIPTION	JSON-LD Article.description. 면적·평가액·기준시점(연도)을 숫자로 포함	서울특별시 강동구 성내동 근린생활시설(토지 177㎡, 건물 연면적 314.68㎡) 상속세 신고 목적 감정평가. 기준시점 2025년, 최종 감정평가액 1,577,010,440원.	필수	큰따옴표는 \" 로 이스케이프. 동·층·호 금지
OBJECT_NAME	JSON-LD about.name. 물건의 정식 표기	서울특별시 강동구 성내동 근린생활시설	필수	동·층·호 금지
OBJECT_STREET	JSON-LD PostalAddress.streetAddress. 집합건물은 「동명 + 지번」, 토지·일반건물은 「동명」까지	성내동	필수	집합건물 예) 개포동 654외 1필지 / 토지·일반건물은 지번 금지. 도로명주소 금지
OBJECT_LOCALITY	시·군·구	강동구	필수	—
OBJECT_REGION	시·도	서울특별시	필수	—
OBJECT_DESCRIPTION	JSON-LD about.description. 구조·용도·면적·사용승인·용도지역을 숫자로	근린생활시설, 철근콘크리트조, 토지 177㎡, 연면적 314.68㎡, 사용승인 1993년, 제3종일반주거지역	필수	동·층·호 금지(층수 서술 불가)
VALUE_NUMERIC	JSON-LD about.price. 쉼표 없는 정수 문자열	1577010440	필수	—
GIJUN_YEAR	기준시점 연도 4자리. h1·헤더·개요·time datetime 에 재사용. 월·일은 어디에도 쓰지 않는다	2025	필수	상속 기준시점은 상속개시일(사망일)이므로 월·일 표기 절대 금지
MENTION_1	JSON-LD mentions 1. 상속재산 평가 / 시가인정액 / 상속세 신고 / 증여세 신고 / 취득세 시가인정액 / 법원 촉탁 감정평가 / 담보 감정평가 중 사례와 관련된 것	상속재산 평가	필수	목록 밖의 임의 용어 금지
MENTION_2	JSON-LD mentions 2	시가인정액	필수	목록 밖의 임의 용어 금지
MENTION_3	JSON-LD mentions 3	상속세 신고	필수	목록 밖의 임의 용어 금지
MENTION_4	JSON-LD mentions 4. 관련 항목이 3개뿐이면 이 객체 한 줄을 통째로 삭제	세무서 제출용 감정평가	선택	목록 밖의 임의 용어 금지
JSONLD_KEYWORDS	JSON-LD Article.keywords. 지역·물건·목적 조합을 콤마로. META_KEYWORDS 와 같거나 확장형	성내동 감정평가, 성내동 근린생활시설 감정평가, 강동구 상속 감정평가, 상속재산 감정평가, 세무서 제출용 감정평가, 시가인정액, 상속세 신고 감정평가, 거래사례비교법, 원가법	필수	숨김 텍스트로 대체하지 말 것(§11)
FAQ1_Q	FAQ 1 질문 — 평가액 축. 실제 검색어 형태로 쓴다. 본문 <h3> 과 글자 단위 완전 일치	강동구 성내동 근린생활시설 상속 감정평가액은 얼마인가요?	필수	동·층·호 금지
FAQ1_A_TEXT	FAQ 1 답변 (JSON-LD 용 순수 텍스트). FAQ1_A_HTML 에서 태그만 제거한 것과 동일	기준시점 2025년 기준 최종 감정평가액은 1,577,010,440원입니다. …	필수	큰따옴표는 \" 로 이스케이프
FAQ2_Q	FAQ 2 질문 — 평가방법 축	토지·건물 상속 감정평가는 어떤 방법으로 하나요?	필수	—
FAQ2_A_TEXT	FAQ 2 답변 (JSON-LD 용 순수 텍스트)	토지는 「감정평가에 관한 규칙」 제14조 … 입니다.	필수	큰따옴표 이스케이프
FAQ3_Q	FAQ 3 질문 — 세법·평가기간 축	상속 감정평가는 언제까지 받아야 시가로 인정되나요?	필수	—
FAQ3_A_TEXT	FAQ 3 답변 (JSON-LD 용 순수 텍스트). 법령 내용을 객관적으로만 설명	「상속세 및 증여세법 시행령」 제49조는 평가기간을 상속개시일 전후 각 6개월로 정하고 있습니다. …	필수	소급감정을 시사하는 표현 금지(§8)
FAQ4_Q	FAQ 4 질문 — 법인 문의 축. 법인 정식명칭 포함	㈜감정평가법인 가치앤같이에 상속 감정평가를 의뢰하려면 어떻게 하나요?	필수	—
FAQ4_A_TEXT	FAQ 4 답변 (JSON-LD 용 순수 텍스트). 주소·전화 명시	㈜감정평가법인 가치앤같이는 서울특별시 서초구 강남대로 86, 5층 501호 … (02) 572-1900	필수	수수료·비용 금액 금지
BREADCRUMB_CAT	BreadcrumbList 3단계 카테고리명	상속·증여	필수	—
BREADCRUMB_LEAF	BreadcrumbList 4단계 페이지명	강동구 성내동 근린생활시설 상속 감정평가	필수	동·층·호 금지
CASE_TAG	헤더 좌상단 골드 배지. 실제 평가목적 반영	상속 감정평가	필수	—
H1_LINE1	h1 1행 — 지역	서울 강동구 성내동	필수	토지·일반건물은 동 단위까지. 집합건물도 h1 에는 지번을 쓰지 않는다
H1_LINE2	h1 2행 — 물건종류+평가목적. 뒤에 "(기준시점 YYYY년)" 이 자동으로 붙음	근린생활시설 상속 감정평가 사례	필수	동·층·호 금지
LEAD_ANSWER	★직답 단락. 2~3문장. ①최종 감정평가액 ②기준시점(연도) ③적용 평가방법 ④법인 정식명칭+소재지 를 모두 포함	㈜감정평가법인 가치앤같이(서울특별시 서초구 강남대로 86, 5층 501호)가 평가한 서울특별시 강동구 성내동 근린생활시설의 <strong>최종 감정평가액은 1,577,010,440원</strong>이며, 기준시점은 2025년입니다. …	필수	수수료 금액 금지. 동·층·호 금지. 월·일 금지
HEADER_SUB	헤더 보조행 앞부분 — 소재지+물건 요약(면적 포함)	서울특별시 강동구 성내동 근린생활시설(토지 177㎡·건물 연면적 314.68㎡)	필수	동·층·호 금지
PURPOSE_FULL	감정평가목적 전체 표기	상속세 신고 및 관할 세무서 제출 목적	필수	—
REPORT_DATE_ISO	감정평가서 작성일 ISO (YYYY-MM-DD). time datetime 에 사용. 사이트 갱신일과 다른 값이다	2025-11-21	필수	감정평가서 표지에서 확인한 날짜만. 추측 금지. 월·일 표기 허용(개인정보 아님)
REPORT_DATE_KR	감정평가서 작성일 한글 표기	2025년 11월 21일	필수	REPORT_DATE_ISO 와 같은 날짜여야 함
VALUE_SHORT	헤더 큰 숫자. 억/만원 단위 축약	15억 7,701만원	필수	—
VALUE_COMMA	원 단위 쉼표 표기. 3곳에 재사용	1,577,010,440	필수	—
REGION	지역 축약. 여러 h2·법인 소개에 재사용	강동구 성내동	필수	동 단위까지
OBJECT_SHORT	물건종류 축약. 여러 h2 에 재사용	근린생활시설	필수	—
VALUE_ANSWER_P1	평가액 h2 아래 1문단. 최종액·기준시점(연도)·면적·단가를 숫자로	기준시점 2025년 현재 … 1,577,010,440원입니다.	필수	수수료 금액 금지. 월·일 금지
VALUE_ANSWER_P2	평가액 h2 아래 2문단. 토지/건물 내역 또는 단가 근거	토지 1,477,950,000원 + 건물 99,060,440원 …	필수	공시가격보다 낮다는 취지 서술 금지
VALUE_BREAKDOWN	FINAL 박스 하단 내역 1행. 2곳에 재사용	토지 1,477,950,000원 + 건물 99,060,440원 · 십오억칠천칠백일만사백사십원	필수	—
OVERVIEW_SUMMARY	물건 개요 요약 단락. 면적·구조·연식·입지를 숫자로. 3~4문장 이내	서울특별시 강동구 성내동에 소재한 근린생활시설로, 토지 177㎡, 건물 연면적 314.68㎡입니다. …	필수	동·층·호 금지. 일반론 서술 금지
ADDRESS_LINE	개요 그리드 소재지 한 줄. 물건 종류에 따라 분기한다	서울특별시 강동구 성내동	필수	집합건물: 「시·도 구 동 지번」까지 (예: 서울특별시 강남구 개포동 654외 1필지) / 토지·일반건물: 「시·도 구 동」까지, 지번 금지 / 도로명주소는 어느 경우에도 금지 / 동·층·호 금지
INFO_TYPE	개요 그리드 물건종류	근린생활시설 (토지·건물)	필수	—
INFO_LABEL_3	개요 그리드 3번 라벨 — 면적 또는 구조	토지면적 / 지목	필수	「층수」·「호수」 라벨 금지
INFO_VAL_3	개요 그리드 3번 값	177㎡ / 대	필수	층·호 표기 금지
INFO_LABEL_4	개요 그리드 4번 라벨 — 면적	건물 연면적	필수	집합건물은 「전유면적」·「공용면적」·「합계면적」·「대지권면적」 사용
INFO_VAL_4	개요 그리드 4번 값	314.68㎡	필수	층·호 표기 금지
INFO_LABEL_5	개요 그리드 5번 라벨	주구조 / 주용도	필수	「층수」·「호수」 라벨 금지
INFO_VAL_5	개요 그리드 5번 값	철근콘크리트조 / 근린생활시설	필수	층·호 표기 금지
INFO_ZONE	용도지역	제3종일반주거지역	필수	—
INFO_APPROVAL	사용승인 + 경과연수	1993년 (약 32년 경과)	필수	건축물대장 공개정보. 연도 표기를 권장
METHOD_SUMMARY	평가방법 요약 단락. 채택/생략 사유와 근거 조문 1~2개	「감정평가에 관한 규칙」 제14조·제15조에 따라 토지와 건물을 분리평가하였습니다. …	필수	검증된 조문만(작성가이드 v3 §5)
METHOD1_SELECTED	1번 방법 채택 여부. 채택이면 selected, 생략이면 빈 문자열	selected	필수	값은 selected 또는 공란만 허용
METHOD1_NAME	1번 방법 <h3> 제목	토지 — 공시지가기준법	필수	—
METHOD1_REASON	1번 방법 채택/생략 사유. 근거 조문 포함. 2~3문장	「감정평가에 관한 규칙」 제14조는 “토지를 감정평가할 때에는 공시지가기준법을 적용해야 한다”고 규정합니다. …	필수	일반론 장문 금지
METHOD2_SELECTED	2번 방법 채택 여부	selected	필수	selected 또는 공란
METHOD2_NAME	2번 방법 <h3> 제목	건물 — 원가법 (잔가법)	필수	—
METHOD2_REASON	2번 방법 채택/생략 사유	「감정평가에 관한 규칙」 제15조 …	필수	—
METHOD3_SELECTED	3번 방법 채택 여부. 보통 생략 방법이므로 공란	(공란)	선택	selected 또는 공란
METHOD3_NAME	3번 방법 <h3> 제목. 미사용 시 method-item 블록 전체 삭제	거래사례비교법 (교차 검토)	선택	—
METHOD3_REASON	3번 방법 채택/생략 사유	인근 유사 복합부동산 거래사례로 시산가액을 교차 검토하였습니다.	선택	—
METHOD4_SELECTED	4번 방법 채택 여부. 보통 공란	(공란)	선택	selected 또는 공란
METHOD4_NAME	4번 방법 <h3> 제목. 미사용 시 method-item 블록 전체 삭제	수익환원법 — 미적용	선택	—
METHOD4_REASON	4번 방법 생략 사유	표준적 임대료·환원이율 파악이 곤란하여 시산가액 산출이 적절하지 않으므로 생략하였습니다.	선택	—
COMP_SUMMARY	비교사례 요약 단락. 단가 레인지를 숫자로. 2~3문장	성내동 일대 거래사례 단가는 8,270,000~10,000,000원/㎡ 수준입니다. …	필수	—
COMP_TABLE1_TITLE	1번 표 <h3> 제목	감정평가전례	필수	—
COMP_TABLE1_HEAD	1번 표 <th> 묶음 HTML 한 줄. 동·층·호 열을 만들지 않는다	<th>기호</th><th>소재지</th><th>면적</th><th>기준시점</th><th>단가</th>	필수	「동」·「층」·「호」 열 금지
COMP_TABLE1_ROWS	1번 표 <tr> 묶음 HTML	<tr><td>①</td><td>성내동</td><td>168.3㎡</td><td>2025년</td><td class="td-right">8,270,000원/㎡</td></tr>	필수	소재지는 동 단위까지(지번·동 번호 삭제). 기준시점 연도만. 목적은 — 처리
COMP_TABLE2_TITLE	2번 표 <h3> 제목	거래사례 (국토교통부 실거래가 기준)	필수	—
COMP_TABLE2_HEAD	2번 표 <th> 묶음 HTML 한 줄	<th>기호</th><th>소재지</th><th>면적</th><th>거래시점</th><th>거래가액</th><th>단가</th><th>채택</th>	필수	「동」·「층」·「호」 열 금지
COMP_TABLE2_ROWS	2번 표 <tr> 묶음 HTML. 채택 행에 class="selected-row" + badge-sel	<tr class="selected-row"><td>㉮</td><td>성내동</td><td>84.97㎡</td><td>2025년</td><td class="td-right">1,450,000,000원</td><td class="td-right">9,870,000원/㎡</td><td><span class="badge-sel">채택</span></td></tr>	필수	소재지는 동 단위까지(지번·동 번호 삭제). 거래시점 연도만
CALC_SUMMARY	산정과정 요약 단락. 사정보정·시점수정률·산정단가를 숫자로. 2~3문장	거래사례 ㉮에 사정보정 1.000, 시점수정 1.01116을 적용하여 산정단가를 도출하였습니다. …	필수	시점수정 지수 적용 월 표기 금지(지수명과 최종 시점수정률만)
UNIT_PRICE_FORMULA	산정단가 산식 한 줄. 「비교사례단가 × 사정보정 × 시점수정 = 산정단가」 까지만 표시	비교사례단가 9,870,000원/㎡ × 사정보정 1.000 × 시점수정 1.01116 = <strong>산정단가 9,980,000원/㎡</strong>	필수	가치형성요인 비교치를 곱에 넣지 않는다. 요인비교치가 1.000 이 아니면 산식을 쓰지 말고 결과 단가만 제시
CALC_GROUP1_TITLE	1번 산정 흐름 <h3> 제목	LAND — 거래사례비교법	필수	—
CALC_GROUP1_STEPS	1번 산정 흐름 calc-step 묶음 HTML. 최대 4단계(비교사례단가 → 사정보정 → 시점수정 → 산정단가·시산가액)	<div class="calc-step">…</div>	필수	단지외부·단지내부·호별·기타요인 단계 금지. 지수 적용 월 금지
CALC_GROUP2_TITLE	2번 산정 흐름 <h3> 제목. 단일방법(집합건물 일괄평가 등)이면 블록 전체 삭제	BUILDING — 원가법 (잔가법)	선택	—
CALC_GROUP2_STEPS	2번 산정 흐름 calc-step 묶음 HTML	<div class="calc-step">…</div>	선택	—
RESTRICT_SUMMARY	공법상 제한 요약 단락. 1~2문장	대상토지는 제3종일반주거지역에 속합니다. …	필수	일반론 서술 금지
RESTRICT_ZONE	용도지역 값	도시지역 · 제3종일반주거지역	필수	—
RESTRICT_LABEL_2	제한 그리드 2번 라벨	지구단위계획구역	필수	—
RESTRICT_VAL_2	제한 그리드 2번 값	지구단위계획구역 (2014년 지정)	필수	—
RESTRICT_LABEL_3	제한 그리드 3번 라벨	교육환경 보호구역	필수	—
RESTRICT_VAL_3	제한 그리드 3번 값	교육환경보호구역 (상세내용 별도확인)	필수	—
RESTRICT_ETC	기타 제한 값	가축사육제한구역 · 대공방위협조구역 · 과밀억제권역	필수	—
RESTRICT_ALERT	제한 알림 박스 HTML. 해당 없으면 div 블록 전체 삭제	<strong>⚠ 토지거래계약 허가구역 지정</strong><br>…	선택	—
FAQ1_A_HTML	FAQ 1 답변 (본문 표시용, <strong>·<time> 허용). 태그 제거 시 FAQ1_A_TEXT 와 일치	기준시점 <time datetime="2025">2025년</time> 현재 …	필수	수수료 금액 금지
FAQ2_A_HTML	FAQ 2 답변 (본문 표시용)	토지는 <strong>공시지가기준법</strong> …	필수	—
FAQ3_A_HTML	FAQ 3 답변 (본문 표시용)	「상속세 및 증여세법 시행령」 제49조 …	필수	기간 기준 정확히. 소급감정 시사 문구 금지
FAQ4_A_HTML	FAQ 4 답변 (본문 표시용). 법인 정식명칭·주소·전화 포함	㈜감정평가법인 가치앤같이는 … <strong>(02) 572-1900</strong>	필수	수수료 금액 금지
INDEX_NAME	시점수정에 사용한 한국부동산원 지수명. 출처 목록에 삽입	강동구 상업용부동산 자본수익률	필수	실제 사용한 지수명만. 적용 월 금지
FIRM_EXPERIENCE	법인 소개 문단 꼬리. 본 사례 유형 관련 수행 경험 1문장	특히 서울 동남권 복합부동산의 상속·증여 감정평가 수행 경험이 축적되어 있습니다.	필수	건수·수수료 등 검증 불가 수치 금지
PURPOSE_SHORT	목적 두 글자. 법인 소개 문장에 사용	상속	필수	—
HUB_URL	허브(목록) 링크 URL 1개	/#cases	필수	—
HUB_LABEL	허브 링크 라벨	전체 감정평가 사례 목록 보기	필수	—
REL1_URL	형제 사례 1 URL. cases/ 내 실재 파일이어야 함	/cases/seongbuk-dongseondong-2025.html	필수	존재하지 않는 URL 금지
REL1_LABEL	형제 사례 1 라벨. 푸터에도 재사용	성북구 동선동 다가구주택 상속 감정평가	필수	—
REL2_URL	형제 사례 2 URL	/cases/gangnam-ilwon-woosungchapt-2025.html	필수	존재하지 않는 URL 금지
REL2_LABEL	형제 사례 2 라벨. 푸터에도 재사용	강남구 일원동 우성7차 감정평가	필수	—
REL3_URL	형제 사례 3 URL	/cases/dongjak-daebang-epyeonhansesang-sangsok-2026.html	필수	존재하지 않는 URL 금지
REL3_LABEL	형제 사례 3 라벨	동작구 대방동 이편한세상 상속 감정평가	필수	—
REL4_URL	형제 사례 4 URL. 3건만 넣을 경우 <li> 통째로 삭제	/cases/namyangju-byeollae-ipark-suite-2026.html	선택	존재하지 않는 URL 금지
REL4_LABEL	형제 사례 4 라벨	남양주 별내동 아이파크스위트 상가 감정평가	선택	—
MODIFIED_DATE_KR	푸터 「최종 업데이트(사이트 갱신일)」 한글 표기. 감정평가서 작성일과 반드시 다른 항목으로 표기	2026년 9월 16일	필수	MODIFIED_DATE 와 같은 날짜여야 함
