date_kst	inv_seq	file_id	slug	dest	value_krw	gijun	result	note
2026-09-16	3	HQ20255-09004	gangnam-gaepo-hyundai-2025	review/001_gangnam-gaepo-hyundai-2025.html	4050000000	2025-04-11	DRAFTED	검증 오류0·경고0 통과. inventory value_krw 4073000000 이나 확정 감정평가액 4050000000 적용(전달받은 검증 데이터 우선). 자료 없음으로 METHOD4·CALC_GROUP2·RESTRICT_ALERT·허브링크 블록 삭제, 공법상 제한은 용도지역·지목 2항목만 기재
2026-09-16	3	HQ20255-09004	gangnam-gaepo-hyundai-2025	review/001_gangnam-gaepo-hyundai-2025.html	4050000000	2025-04-11	REDRAFTED_V3	v3 공개정책 재작성(case_template_v3 + 필드정의_v2 + 작성가이드_v3). v1 초안은 .bak-v1-20260916 으로 보존. 변경: 담당 평가사 성명 삭제(author=Organization), 본건 동/층/호 항목 및 마스킹 기호 삭제, 집합건물이라 지번(개포동 654외 1필지) 표기, 기준시점/거래시점 연도만(2025년), 감정평가서 작성일 2025-09-04 별도 항목 신설, 시점수정 지수 적용 월(97.4/100.0) 삭제, 가치형성요인 비교표 삭제(산식 3항), 신청시기 섹션과 소급 시사 문구 삭제, 정의 블록 삭제. 삭제 블록: METHOD4, CALC_GROUP2, RESTRICT_LABEL_3/ETC/ALERT(미확정), HUB 링크(허브 페이지 미존재), 산정과정 섹션 중복 FINAL 박스. FAQ4 는 지시된 수수료 질문이 검증기 금지어(수수료)와 충돌하여 법정 용어 보수로 표기(금액 미기재). 텍스트 4984자(상한 5000). 검증기 오류0 경고0, 스윕 위반0
2026-09-16	3	HQ20255-09004	gangnam-gaepo-hyundai-2025	review/001_gangnam-gaepo-hyundai-2025.html	4050000000	2025-04-11	REDRAFTED_V4	v4 규칙 A·B 재작성(case_template_v4 + 필드정의_v3 + 작성가이드_v4 + 생성지침_v3). v3 초안은 .bak-v3-20260916 으로 보존. 규칙A: 게시일/최종 업데이트를 제목 아래 .case-dates 에 publish-date/modified-date 로 노출, 감정평가서 작성일은 개요 그리드에 report-date 로 단일화(byline 에서 제거), 푸터 날짜 삭제, 다섯 군데(화면 2 + JSON-LD + og + itemprop) 값 일치. 규칙B: 사정보정 1.000·시점수정 1.02669·매매가격지수·비교사례단가 유도과정 전부 삭제, 산식을 결정단가 24,537,891원/㎡ x 전유면적 165.08㎡ = 4,050,715,046원 -> 4,050,000,000원 으로 축소, calc-step 4단계→3단계, 근거출처의 한국부동산원 항목을 가격동향 확인으로 변경. 토큰 114→115(INDEX_NAME 삭제, PUBLISHED_DATE_KR·COMP_TABLE_CAPTION 신설, UNIT_PRICE_FORMULA→VALUE_CALC_FORMULA 개명). 분량 초과(5084자) 조정 위해 산정과정 섹션의 중복 FINAL 박스 삭제 → 4968자. 검증기 오류0 경고0, 스윕 위반0
2026-09-18	6	HQ20255-10008	songpa-munjeong-olympicfamily-sangsok-2025	review/002_songpa-munjeong-olympicfamily-sangsok-2025.html	2490000000	2025-08-02	DRAFTED	v4 템플릿(case_template_v4+필드정의_v3+작성가이드_v4). 검증기 오류0 경고0, 4-Z 스윕 위반0, 텍스트 4952자. [inventory 정정] dong 가락동->문정동(PDF 대상물건 확정표·총괄표 모두 송파구 문정동 150외 1필지. 산출근거 개요의 가락동 표기는 가락시장역 인근 설명으로 판단, 확정표 우선). value_krw 3,560,000,000은 총괄 2물건 합계이며 본건(HQ20255-10008)은 2,490,000,000(나머지 1,070,000,000은 강남구 개포동 대치아파트 HQ20255-10008-01). 결정단가 21,195,901원/전유㎡ x 117.585㎡ = 2,492,320,019원 -> 2,490,000,000원 검산 일치. 삭제 블록: METHOD4, CALC_GROUP2(일괄평가 단일방법), RESTRICT_LABEL_3/ETC/ALERT(미확인), HUB 링크(허브 미존재), 산정과정 중복 FINAL 박스. 분량 조정 위해 근거법령 목록을 본건 적용 조문 중심 6항으로 압축(001 방식). 템플릿 개발용 주석 2줄의 규칙B 금지어 제거. [seq1 보류] seq1(HQ20255-10002 김해 주촌면)은 15필지 토지+건물 복합이라 규칙B의 결정단가x면적 단일산식이 성립하지 않아 사용자 지시로 건너뜀. PENDING 유지
2026-09-22	10	HQ20255-12004	songpa-bangi-olympicseonsu-sangsok-2025	review/003_songpa-bangi-olympicseonsu-sangsok-2025.html	2970000000	2025-08-17	DRAFTED	v4 템플릿. 검증 오류0 경고0, 4-Z 스윕 위반0, 텍스트 5027자. [inventory 정정] value_krw 3,043,000,000은 총괄 2물건 합계, 본건(방이동 올림픽선수기자촌아파트)은 2,970,000,000(나머지 73,000,000은 서초구 서초동 국제전자센터 HQ20255-12004-01). 결정단가 23,508,024원/㎡ x 전유 126.18㎡ = 산출금액 2,966,242,468원 -> 감정평가액 2,970,000,000원 검산 일치. 목적 상속재산 일반거래(세무서제출용). 삭제블록 METHOD4·CALC_GROUP2·RESTRICT_3/ETC/ALERT·HUB·산정과정중복FINAL. 보정치(시점수정1.10575·요인0.930)는 규칙B 미게재. 카드num=11
2026-09-22	15	HQ20255-11004	gangnam-dogok-woosung-sangsok-2025	review/004_gangnam-dogok-woosung-sangsok-2025.html	1870000000	2025-09-01	DRAFTED	v4 템플릿. 검증 오류0 경고0, 스윕 위반0, 텍스트 5038자. [inventory 정정] value_krw 2,050,589,500은 총괄 2물건 합계, 본건(도곡동 도곡우성아파트)은 1,870,000,000(나머지 180,589,500은 부산 해운대구 중동 토지 HQ20255-11004-01). 결정단가 22,015,142 x 전유 84.83 = 1,867,544,496 -> 1,870,000,000 검산 일치. 목적 상속재산 일반거래(세무서제출용). 보정치(시점수정1.09856·요인1.000)는 규칙B 미게재. 카드num=12
2026-09-22	18	HQ20255-10016	gangdong-godeok-grasium-sangsok-2025	review/005_gangdong-godeok-grasium-sangsok-2025.html	1700000000	2025-10-15	DRAFTED	v4 템플릿. 검증 오류0 경고0, 스윕 위반0, 텍스트 5003자. 단일물건 1,700,000,000(inventory 일치). [소재지 확정] 확정표·표지 모두 강동구 고덕동 693외 1필지(도로명 고덕로 333); inventory 및 개요의 '상일동'은 상일동역 인근 서술로 보아 확정표 우선하여 고덕동 표기. 결정단가 28,730,862 x 전유 59.052 = 1,696,614,863 -> 1,700,000,000 검산 일치. 목적 상속재산 일반거래(세무서제출용). 전례 2건. 보정치(시점수정1.05232·요인0.960)는 규칙B 미게재. 카드num=13
2026-09-23	14	HQ20255-01001	seocho-banpo-banpojugong1-jeungyeo-2025	review/006_seocho-banpo-banpojugong1-jeungyeo-2025.html	2470000000	2025-01-02	DRAFTED	v5 템플릿+필드정의v4+생성지침v4. 검증 오류0 경고0, 4-Z 스윕 위반0, 텍스트 4982자. [증여 첫 사례] 001~005가 전부 상속이라 증여세 신고/증여재산 축 키워드 신설. 평가기간 증여일 전6개월·후3개월로 기재. [단일물건] 감정평가표 총괄 '입주권 1식' 단일, 합계도 2,470,000,000 = inventory 일치(합계 아님). 단 명세표 비고 '지분 2분의1 전부'로 공유지분 1/2 평가 건이며 표시면적이 이미 1/2 반영값(전유 53.125=106.25x1/2, 공용 4.05, 합계 57.175, 대지권 46.4335=92.867x1/2). [특수] 기준시점 현재 동·호수 미확정으로 전유면적이 아닌 소유권대지권면적 기준 단가 산정(감정서 '그 밖의 사항 라항'). 결정단가 53,202,248원/대지권㎡ x 46.4335㎡ = 인쇄 산출금액 2,470,366,583원(검산 2,470,366,582.5 반올림 일치) -> 2,470,000,000원. [독립검수] 원본PDF 재판독 대조 결과 금액·면적·단가·소재지·날짜 전부 일치, 공개범위 위반 0. 검수 지적 2건 반영(.bak-검수전-20260923 보존): 주석 내 '가치형성요인' 등 작업지침 주석 19개 제거, 사용승인값 '멸실(말소건축물대장 기준)'->'말소집합건축물대장 기준(사용승인일 미기재)'로 감정서 문언 범위 복귀. 삭제블록 METHOD4·CALC_GROUP2·RESTRICT_ETC·RESTRICT_ALERT·MENTION_4·HUB·REL4. 카드num=14
2026-09-23	17	HQ20255-10007	guro-gurodong-jungangyutong-sangsok-2025	review/007_guro-gurodong-jungangyutong-sangsok-2025.html	139000000	2025-08-27	DRAFTED	v5 템플릿+필드정의v4+생성지침v4. 검증 오류0 경고0, 4-Z 스윕 위반0, 텍스트 4986자. [inventory 정정 — 중요] value_krw 1,941,000,000은 88쪽 감정서의 총괄표 5물건 합계이며 본건(file_id HQ20255-10007, 가지번호 없음)은 139,000,000원. 나머지 4건은 동작구 신대방동 480,000,000(-01)/부천시 상동 684,000,000(-02)/광명시 일직동 344,000,000(-03)/시흥시 장현동 294,000,000(-04). [prop_type 정정] '상가'는 실제로 업무시설 용도의 구분상가(집합건물) — 확정표 '구분건물 1개호'. 집합건물 분기 적용(지번까지 표기, 층·호 마스킹, 규칙16조 일괄 거래사례비교법, CALC_GROUP2 삭제). 소재지 구로동 1258(도로명 경인로53길 15 미기재). 결정단가 7,566,773원/전유㎡ x 18.36㎡ = 인쇄 산출금액 138,925,952원 검산 일치 -> 139,000,000원. [독립검수 지적 반영] 1차본이 감정평가전례를 3건 중 2건만 싣고 캡션에 '2건', 거래사례를 5건 중 3건만 싣고 캡션에 '3건'이라 표기하여 건수 오기+기호 어긋남 발생 -> 전례 3건(①②③)·거래사례 5건(㉠㉡㉢㉣㉤) 전부를 감정서 원래 기호로 복원, 캡션 건수 사실대로 정정, ㉣가 2023년이라 거래시점 표기를 '2023~2025년'으로 수정. 주용도 라벨을 '본건 용도'로 변경(건물 전체 주용도는 판매시설·업무시설·제2종근생), 경과연수 약28년->약29년. 글자수는 일반론·중복 서술 축약으로 확보. 2차 지적 반영: 축약 과정에서 지운 템플릿 고정문구 .date-note·푸터 안내문장·case-cta-desc 를 005/006/008과 동일하게 복원. .bak-검수전-20260923 보존. 삭제블록 METHOD4·CALC_GROUP2·RESTRICT_ALERT·MENTION_4·HUB·REL4(RESTRICT_3는 도시계획시설/유통업무설비로 사용). 카드num=15
2026-09-23	22	HQ20255-11018	yongsan-sancheon-riverhill-sangsok-2025	review/008_yongsan-sancheon-riverhill-sangsok-2025.html	1340000000	2025-05-30	DRAFTED	v5 템플릿+필드정의v4+생성지침v4. 검증 오류0 경고0, 4-Z 스윕 위반0, 텍스트 4984자. [단일물건] 002~005와 달리 총괄표가 '구분건물 1세대' 단일이며 합계도 1,340,000,000 = inventory 일치(합계 아님). 결정단가 15,802,174원/전유㎡ x 84.98㎡ = 인쇄 산출금액 1,342,868,747원 검산 일치 -> 1,340,000,000원. 소재지 용산구 산천동 193외 1필지(확정표·표지·위치도 일치). 제2필지는 용산구 청암동 175이나 확정표 정본 원칙에 따라 산천동 193외 1필지만 표기, 도로명 효창원로 17 미기재. 면적 전유84.98/주거공용22.94/합계107.92/대지권33.08. 사용승인 2001년(약24년), 17개동 1,102세대, 제3종일반주거지역. 보정치(시점수정1.01413·요인0.980)는 규칙B 미게재. [독립검수] 원본PDF 재판독 대조 결과 금액·면적·단가·소재지·날짜·비교사례 전부 일치, 공개범위 위반 0, 수정 불필요. 거래사례는 감정서 3건 중 채택 1건만 게재(캡션이 '채택 거래사례 1건'으로 사실 표기라 허위 아님, 분량 제약). 삭제블록 METHOD4·CALC_GROUP2·RESTRICT_3/ETC/ALERT·MENTION_4·HUB·REL4. 카드num=16
2026-09-28	58	HQ20255-12010	(미작성)	-	387500000	2025-12-31	SKIPPED	[분기] 재무보고(감정평가표 목적란 인쇄 원문: "자산재평가"). 기준가치 인쇄 "공정가치" — 시장가치 아님. 「일반기업회계기준」 정형문·자산재평가 전용 고지문 모두 인쇄 확인. K-IFRS/제1016호/재평가모형/장부금액 문구 없음(착수 가능 조건은 충족). [MASK_LEVEL] range 권장 / owner_type=법인(사업법인 자기보유자산). 근거: 감정서에 「회사 개요」 장이 있어 설립일·업종·본점소재지·대표자·연혁이 통째로 인쇄되고, 명세표 비고란에 상호가 직접 인쇄되며, 사진용지에 출입문 상호가 촬영됨 → 법인 특정 가능성 높음. 결정서 1-A표는 exact 로 지정했으나 원본 판독 결과 range 로 상향 권고(소유자 확인 요망). [총괄] 총괄표(2쪽) 3물건 합계였음 — inventory value_krw 3,768,891,500 은 합계. 내역: ①금천구 가산동 지식산업센터 1개호 토지 387,500,000(본건, 가지번호 없음) ②평택시 팽성읍 토지 3,185,891,500(-01) ③기장군 회원권 195,500,000(-02). 합계검산 일치. [inventory 정정] 본건 감정평가액 = 387,500,000원 (2쪽 총괄표·4쪽 감정평가표·15쪽 결정표 4곳 일치, 상위 세션이 2쪽·15쪽 PNG 직접 재판독하여 확인). [기준시점] 2025-12-31(규칙 제9조2항 귀제시일, 결산일) / 작성일 2025-12-19 / 실지조사 2025-12-18 — 작성일이 기준시점보다 12일 앞선 장래 기준시점. [소재지] 확정표 정본 = 금천구 가산동 345-29, 제16층 제1607호(층·호·지번·건물명 전부 마스킹 대상). 표지·개요·명세표와 불일치 없음. [면적] 전유130.14 공용126.22 합계256.36 소유권대지권33.70. 사용승인 2017-12-06, 준공업지역, 지목 공장용지, 철근콘크리트구조, 지하3/지상20층, 총 391개호, 임대미상임. [적용방법] 규칙 제16조 토지·건물 일괄감정평가(거래사례비교법). 원가법·수익환원법 생략. [산식] 산정단가 5,953,620원/전유㎡ x 전유130.14㎡ = 인쇄 산출금액 774,804,107원(검산 일치) -> 시산가액 775,000,000원 -> 토지 배분비율 50% -> 토지 감정평가액 387,500,000원. [※착수 불가 사유 2건] (1) 참조파일 부재 — templates/case_template_v6.html 와 templates/필드정의_v5.tsv 가 없어 생성지침v5 금지34에 따라 초안 작성 금지(작성가이드_v5·validate_draft_v2.py·결정서는 존재). (2) 규칙 B 단일 산식 불성립 — 단가 분모는 전유면적(130.14)인데 최종 평가대상은 대지권(33.70)이고, 사이에 백만원 반올림과 토지 50% 배분 2단계가 끼어 있음. 감정평가표·명세표의 단가란은 모두 '-'로 인쇄되어 규칙 B가 요구하는 결정단가 자체가 원본에 없음. '일괄평가 후 토지배분' 유형의 새 산식 블록이 v6 템플릿에 필요함(소유자 확인 요망). [택1 미결] seq 58/63 중 택1 규칙은 초안 미작성이므로 영구제외 처리하지 않고 양쪽 PENDING 유지. [건너뜀] seq 55(영등포동5가) — 다필지 토지+건물 복합으로 1-C 적합성 ❌, PENDING 유지. seq 57/59(함안·김해) — 결정서 표는 부동산컨설팅, inventory purpose 는 자산재평가로 카테고리 미확정이라 지침 Step10에 따라 착수 보류. [카테고리] Step0-C 집계상 1순위는 취득세·특수관계인·재개발분담금이나 원본 재고 0으로 건너뛰고 재무보고가 실질 1순위. 상속·증여 16건 외 8개 카테고리 전부 0건.
2026-09-28	63	HQ20255-11011	(미작성)	-	1984000000	2025-12-31	SKIPPED	[분기] 재무보고(감정평가표 목적란 인쇄 원문: "자산재평가"). 기준가치 인쇄 "공정가치". 「일반기업회계기준」 정형문·전용 고지문 인쇄 확인, K-IFRS 계열 문구 없음. [MASK_LEVEL] range 강력 권고 / owner_type=법인. 근거: 「회사 개요」 장에 설립일·업종·본점소재지·대표자·특허등록번호 다수가 인쇄되어 특정 사실상 확정적이고, 사진용지에 상호 간판과 업종이 노출됨. [총괄] 별도 「감정평가액 총괄표」 없음. 단 단일 물건도 아님 — inventory value_krw 1,984,000,000 은 같은 건물 구분건물 9개호(20층대 6개호+3개호) 대지권 토지배분가액의 합계이며 호별 분해 합계 검산 일치. [prop_type 정정 필요] inventory '공장' 은 부정확 — 실제는 집합건물 9개호의 소유권대지권(토지)만 평가. 감정평가표 종별란도 「토지」, 건물은 평가대상 아님. [기준시점] 2025-12-31(귀제시일, 결산일) / 작성일·실지조사 2025-11-24 — 작성일이 기준시점보다 37일 앞섬. [소재지] 확정표 정본 = 금천구 가산동 345-29, seq58 과 동일 건물(층·호·지번·건물명 마스킹 대상). 면적 합계 전유937.78 공용909.47 대지권242.88. [적용방법] 규칙 제16조 일괄감정평가(거래사례비교법) 후 토지 배분비율 50%. 원가법·수익환원법 모두 생략(적용 자체를 안 함). [산식] 산정단가 4,234,064원/전유㎡(9개호 동일) x 호별 전유면적 -> 호별 시산가액 합계 3,968,000,000 -> 토지 50% -> 1,984,000,000. [※착수 불가] 참조파일(v6 템플릿·필드정의_v5.tsv) 부재로 금지34 저촉. 더하여 규칙 B 단일 산식 불성립 — 9개호 합산이라 1행 산식이 성립하지 않고, 단가 기준면적(전유)과 평가대상(대지권)이 다르며 배분 단계가 끼어 있음. 호별 반올림 탓에 4,234,064x937.78=3,970,620,738 과 인쇄 합계 3,968,000,000 이 약 262만원 차이나 단일 산식으로 재현 불가. [주의] 감정서가 제시한 인근 거래가격수준 5,500,000~6,000,000원/전유㎡ 가 본건 결정단가 4,234,064원 을 크게 웃돌아, 레인지를 그대로 옮기면 오해 소지. 게재 시 생략 또는 주석 필요(소유자 확인 요망). [택1] seq 58/63 중 택1 규칙 — 초안 미작성이므로 양쪽 PENDING 유지, 영구제외 처리하지 않음.
2026-09-28	-	-	(초안 미작성)	-	-	-	REPORT_ONLY	[2차 실행] generated_log 에 오늘(KST) 행이 이미 있어 Step 0 규칙대로 초안 0건·보고만. 승인대기 3건(006/007/008) 9/23부터 정체, 카운터 5/10. [seq58/63 블로커 1건 해소] 오전 세션이 기록한 '참조파일 부재(case_template_v6.html·필드정의_v5.tsv)'는 두 파일이 01:37(UTC) 생성되어 금지34 저촉 해제 — 남은 것은 MASK_LEVEL(exact vs range) 소유자 결정 1건뿐이며 range 확정 시 규칙B 단일산식 문제까지 동시 소멸(전 파일 검증: v5/v6 어디에도 배분 토큰 0건, 규칙B는 v5에서 '완화 없음' 재확인, 결정서·담당자확인대기 목록에도 배분 산식 항목 없음). [저장소 작업] feed.xml·llms.txt 재생성으로 누락 3건(방이·도곡우성·고덕그라시움) 해소: feed 12->15 item, llms 12->15 사례. 부작용 1건 수정 — 두 생성기가 cases/*.html 스캔 시 2026-09-23 신설 허브 cases/index.html 까지 사례로 집계(16건)하고 허브는 article:published_time 이 없어 파일 mtime 이 pubDate 가 되어 재생성마다 같은 guid 날짜가 바뀜 -> make_feed_v1.py 에 index.html 제외 추가(item 15건). llms.txt 는 허브 줄 의도적 유지(후속작업3 요구사항, mtime 문제 없음). 검증 feed XML 파서 통과·.html 잔재 0건·채널link /#cases 무변화. [B-1 범위 정정 — 중요] 백로그가 3종(기준시점 월일·본건 동번호·도로명)으로 적은 구 사례 8건 위반이 실측 6종이었음: 규칙B 위반(사정보정·시점수정·지수명) 8/8건 전부, 전례·거래사례 동번호 5건, 거래시점 월일 다수. 3종만 고치면 규칙B 위반이 그대로 남아 부분정정이 '완료'로 오인될 위험 -> 범위 결정 필요한 (b) 항목으로 재분류 권고, 백로그에 반영. [B-9 종결] .bak 배포 우려 무효 — 추적 .bak 전 저장소 1개(generated_log.tsv.bak-20260916)뿐, cases/ 백업 12개 전부 미커밋. robots.txt 규칙 미채택(그룹 상속 불가로 허용 크롤러에 미적용). [B-11] 설명 낡음 정정(현재 v6/필드정의v5 검증하는 버전무관 도구). [프롬프트] 스케줄러 프롬프트가 아직 v4 계열(생성지침_v4·case_template_v5·필드정의_v4)을 지목 — v5/v6 로 갱신 필요. 게시(git push) 미실행.
2026-09-28	55	HQ20255-06001	yeongdeungpo-yeongdeungpo5ga-jaepyeongga-2024	review/009_yeongdeungpo-yeongdeungpo5ga-jaepyeongga-2024.html	17302811000	2024-12-31	DRAFTED	[분기] 재무보고(감정평가표 목적란 인쇄 문구 '유형자산재평가') — 사이트 최초의 비(非)상속·증여 사례. [MASK_LEVEL] exact / owner_type=법인 → 결정4 법인 마스킹 적용(법인명 미기재, 소재지 영등포구 영등포동5가까지만·지번 금지, 건물명·상호·업종·임차인 미기재). [총괄] 총괄표 없음·분번 없음, 단일 물건(토지 3필지 일단지 + 건물 1동) 확인. inventory value_krw 17,302,811,000 정확(합계 아님). [inventory 정정 필요·미반영] base_date 2025-12-31 -> 실제 2024-12-31(감정평가표 기준시점란 '귀 의뢰인 요청에 따라 2024년 12월 31일'). 자동승인 정책이 inventory_v1.tsv 수정을 차단해 파일에는 미반영. [산식] 토지 결정단가 26,800,000원/㎡ x 619.9㎡ = 16,613,320,000원(검산 일치) + 건물 689,491,000원(층별 합 검산 일치) = 17,302,811,000원. 필지합 441+97.9+81=619.9 검산 일치. 건물 면적합 2,544.64 검산 일치. [기준가치] 공정가치(시장가치 아님). 일반기업회계기준 정형문 인용. K-IFRS/제1016호/재평가모형/장부금액 미사용(감정서에 없는 용어). 기준시점은 결산기준일이라 작성일(2025-06-02)과 반년 차이. [방법] 토지 공시지가기준법(규칙 제14조, 시산가액 조정에서 거래사례비교법 27,400,000과 비교 후 제14조 제1항으로 채택) + 건물 원가법(제15조, CALC_GROUP2 재조달원가·내용연수 50년·잔존 11년·정액법 사용). [독립검수] 원본 PDF 43쪽 재판독 대조 — 금액·면적·단가·기준시점·기준가치·작성일 전부 인쇄값 일치, 공개범위 위반 0건. 지적 3건 반영(.bak-검수전-20260928 보존): ①FAQ4가 이 감정서에 없는 문장('자산재평가 목적으로서 타 용도로는…')을 낫표 인용 -> 표지 실제 고지문 취지의 일반 서술로 교체 ②주용도 '업무시설·근린생활시설'(명세표 표기에서 학원 누락) -> 확정표 정본에 맞춰 '근린생활시설 등' ③'제12조 제2항에 따라'가 본건 근거로 읽힘 -> 실제 근거인 제14조 제1항으로 수정, 출처의 제12조는 '일반 규정, 본건 적용 조문은 제14조·제15조'로 명시. 선택사항으로 사용승인일 1985.12.28 -> '1985년(약 39년 경과)'. [검증] validate_draft_v2/v1 모두 오류0(경고3은 고정 법령문·푸터 안내문의 '의뢰인/소유자', 공정가치 정형문의 '독립된 당사자간에' 오탐). 4-Z: h2=9 h3=13 caption=2 law.go.kr=10 summary=1 본문 5,075자(상한 5,100). [템플릿] case_template_v6 + 필드정의_v5 + 작성가이드_v5 + 생성지침_v5 최초 실사용. 템플릿 주석에 금지어(수수료/평가기간/시장가치)가 있어 초안에서 HTML 주석 전량 제거했고, 템플릿 주석 자체도 별도 수정(.bak-주석수정전-20260928 보존). v6의 data-purpose/data-mask-level은 <html>이 아니라 <body>에 둠(검증기·게시스크립트가 리터럴 '<html lang="ko">'를 찾음). 삭제블록 FLOOR_UNIT(토지+일반건물이라 층/호 한 줄 통째)·RENT_*·METHOD4·RESTRICT3·RESTRICT_ALERT·LAW3·LAW4·SOURCE2·HUB·REL4·MENTION_4·CITATION4. 카드num=17, cat=재무보고
