num	17
cat	재무보고
tag	자산재평가 감정평가
title_line1	서울 영등포구 영등포동5가
title_line2	토지·건물 자산재평가 감정평가
purpose	유형자산재평가(재무보고) 목적
sijae	서울 영등포구 영등포동5가
gijun	2024년
method	토지 공시지가기준법 · 건물 원가법
value_text	173억원
seo_h2	서울 영등포구 영등포동5가 토지·건물 자산재평가 감정평가 사례
seo_p	서울특별시 영등포구 영등포동5가 소재 토지 619.9㎡(3필지 일단지)와 건물 연면적 2,544.64㎡의 유형자산재평가(재무보고) 목적 감정평가 사례입니다. 기준시점 2024년(결산기준일), 기준가치 공정가치, 최종 감정평가액 17,302,811,000원.||「감정평가에 관한 규칙」 제14조에 따라 토지는 공시지가기준법으로, 제15조에 따라 건물은 원가법으로 분리 평가하여 토지 16,613,320,000원과 건물 689,491,000원을 합산하였습니다. 토지 결정단가는 26,800,000원/㎡이며, 용도지역은 일반상업지역·준주거지역입니다. 자산재평가 목적 감정평가서는 타 용도로 사용할 수 없습니다.
region	영등포구
object	영등포동5가 토지·건물
purpose_short	자산재평가
purpose_branch	재무보고
mask_level	exact
owner_type	법인
